Restaurants,,,,,,,,,,
Pearl,700 Bellevue Way NE,Bellevue,WA,98004,(425) 455-0181,"American,Contemporary,Seafood,Cafe,Pasta",3,4,"Mon-Wed 11:00 AM-11:59 PM; Thu-Sat 12:00 AM-1:30 AM, 11:00 AM-11:59 PM; Sun 12:00 AM-1:30 AM, 2:00 PM-11:59 PM","http://pearlbellevue.com/
"
JOEY Bellevue,800 Bellevue Way NE,Bellevue,WA,98004,(425) 637-1177,"American,Pizza,Italian,Eclectic,International",2,3.5,"Open Daily 12:00 AM-2:00 AM, 11:00 AM-11:59 PM","http://www.joeyrestaurants.com
"
Novilhos Brazilian Steakhouse,12405 SE 38th St,Bellevue,WA,98006,(425) 603-1111,"Brazilian,Steak,South American,American,Latin",4,4,"Mon 11:00 AM-2:00 PM, 5:00 PM-11:59 PM; Tue-Fri 12:00 AM-10:00 AM, 11:00 AM-2:00 PM, 5:00 PM-11:59 PM; Sat 12:00 AM-10:00 AM, 4:30 PM-10:30 PM; Sun 4:00 PM-9:00 PM","http://www.novilhos.com
"
Chipotle Mexican Grill,10503 NE 4th St,Bellevue,WA,98004,(425) 467-0660,"Mexican,Grill,American,Cafe",1,5,Open Daily 11:00 AM-10:00 PM,"http://www.chipotle.com/
"
Seastar Restaurant & Raw Bar,205 108th Ave NE,Bellevue,WA,98004,(425) 456-0010,"Raw,Seafood,Sushi,Steak,American",3,4.5,Mon-Fri 11:30 AM-10:00 PM; Sat 5:00 PM-10:00 PM; Sun 5:00 PM-9:00 PM,"http://www.seastarrestaurant.com
"
Burgermaster,10606 Northup Way,Bellevue,WA,98004,(425) 827-9566,"Burgers,American,Fast Food,Diner,Cafe",1,4,"Mon-Fri 10:00 AM-11:59 PM; Sat-Sun 12:00 AM-1:00 AM, 10:00 AM-11:59 PM","http://www.burgermaster.biz
"
Chutneys,938 110th Ave NE,Bellevue,WA,98004,(425) 467-0867,"Indian,Vegetarian,Cafe,Pakistani,Seafood",2,3.5,"Mon-Thu 11:30 AM-2:30 PM, 5:00 PM-10:00 PM; Fri-Sat 11:30 AM-2:30 PM, 5:00 PM-10:30 PM; Sun 11:30 AM-2:30 PM, 5:00 PM-10:00 PM","http://www.chutneys.com
"
Blue C Sushi,503 Bellevue Sq,Bellevue,WA,98004,(425) 454-8288,"Sushi,Japanese,Asian,Healthy,Seafood",2,4,Mon-Thu 11:00 AM-9:30 PM; Fri-Sat 11:00 AM-10:30 PM; Sun 11:00 AM-9:30 PM,"http://www.bluecsushi.com/
"
Applebee's,3520 Factoria Blvd SE,Bellevue,WA,98006,(425) 603-0099,"Grill,American,Burgers,Traditional,Steak",2,3.5,"Mon-Fri 11:00 AM-11:59 PM; Sat-Sun 12:00 AM-1:00 AM, 10:00 AM-11:59 PM","http://www.applebees.com
"
Thai Kitchen,14115 NE 20th St,Bellevue,WA,98007,(425) 641-9166,"Thai,Asian,American,Fast Food,Pan Asian",2,4,Open Daily 11:00 AM-10:00 PM,"http://www.thethaikitchen.com/
"
Swish Swish,14603 NE 20th St,Bellevue,WA,98007,(425) 644-3545,"Asian,Japanese,International",2,3.5,Open Daily 11:00 AM-9:30 PM,"http://www.swish-swish.com/
"
El Tapatio,3720 Factoria Blvd SE,Bellevue,WA,98006,(425) 373-0855,"Mexican,Latin American,Tex Mex,American",2,4,Open Daily 11:00 AM-10:00 PM,"http://www.tapatiofactoria.com/
"
Maggiano's,10455 NE 8th St,Bellevue,WA,98004,(425) 519-6476,"Italian,American,Pasta,European,Salad",2,4,Mon-Thu 11:30 AM-10:00 PM; Fri-Sat 11:30 AM-11:00 PM; Sun 11:30 AM-10:00 PM,"http://www.maggianos.com/
"
Zeeks Pizza,10201 NE 10th St,Bellevue,WA,98004,(425) 893-8646,"Pizza,Salad,Soup,Greek,Italian",2,3.5,Open Daily 11:00 AM-10:00 PM,"http://zeekspizza.com/locations-hours/zeeks-pizza-bellevue/
"
The Goose Pub N Eatery,12001 NE 12th St,Bellevue,WA,98005,(425) 454-1554,"Pub Food,American,Burgers,Sandwiches,Subs",1,4.5,"Mon-Sat 12:00 AM-2:00 AM, 11:00 AM-11:59 PM; Sun 12:00 AM-2:00 AM, 12:00 PM-11:59 PM","http://www.goosepub.com
"
Top Gun Seafood Restaurant,12450 SE 38th St,Bellevue,WA,98006,(425) 641-3386,"Seafood,Chinese,Dim Sum,Asian,American",2,3.5,"Mon-Fri 11:00 AM-3:00 PM, 4:30 PM-11:00 PM; Sat-Sun 10:00 AM-11:59 PM","http://www.topgunrestaurants.com/
"
Dairy Queen,3080 148th Ave SE,Bellevue,WA,98007,(425) 747-1370,"Ice Cream,Burgers,Fast Food",1,3.5,Mon-Thu 11:00 AM-9:00 PM; Fri-Sat 11:00 AM-9:30 PM; Sun 11:00 AM-9:00 PM,"http://www.dairyqueen.com
"
Red Mango,1031 Bellevue Sq,Bellevue,WA,98004,(425) 451-8073,"Ice Cream,Frozen Yogurt,Cafe",1,3.5,Mon-Sat 9:30 AM-9:30 PM; Sun 11:00 AM-7:00 PM,"http://www.redmangousa.com
"
Lucky Strike,700 Bellevue Way NE,Bellevue,WA,98004,(425) 453-5137,"American,Sandwiches,Subs,Burgers",1,3.5,"Mon-Fri 11:30 AM-11:59 PM; Sat-Sun 12:00 AM-2:00 AM, 11:00 AM-11:59 PM","http://www.bowlluckystrike.com/
"
Southgate Garden,3703 150th Ave SE,Bellevue,WA,98006,(425) 603-9292,"Korean,Asian,Vietnamese,Cafe,Halal",1,3.5,Open Daily 11:00 AM-10:00 PM,"http://southgategarden.com
"
Starbucks,3181 156th Ave SE,Bellevue,WA,98007,(425) 641-2806,"Cafe,Coffee,Tea",1,3.5,Mon-Fri 4:30 AM-10:00 PM; Sat-Sun 5:30 AM-9:00 PM,"http://www.starbucks.com
"
Jamba Juice,3930 Factoria Blvd SE,Bellevue,WA,98006,(425) 643-9075,"Smoothies,American,Juices,Traditional,Halal",1,3.5,Mon-Thu 7:00 AM-9:00 PM; Fri 7:00 AM-10:00 PM; Sat 8:30 AM-10:00 PM; Sun 8:30 AM-8:30 PM,"http://www.jambajuice.com/
"
McDonald's,13841 NE 20th St,Bellevue,WA,98005,(425) 643-0466,"Fast Food,Burgers",1,3.5,"Mon-Fri 5:00 AM-11:59 PM; Sat-Sun 12:00 AM-1:00 AM, 5:00 AM-11:59 PM","http://www.mcdonalds.com
"
Din Tai Fung,700 Bellevue Way NE,Bellevue,WA,98004,(425) 698-1095,"Chinese,Dim Sum,Asian,Noodle Bar,Taiwanese",2,4.5,Mon-Fri 11:00 AM-10:00 PM; Sat-Sun 10:00 AM-10:00 PM,"http://www.dintaifungusa.com/
"
Specialty's Cafe & Bakery,126 Bellevue Sq,Bellevue,WA,98004,(877) 502-2837,"Bakery,Cafe,Healthy,Deli,Sandwiches",1,3.5,Mon-Sat 9:30 AM-9:30 PM; Sun 11:00 AM-7:00 PM,"http://www.specialtys.com/
"
KFC,12611 SE 38th St,Bellevue,WA,98006,(425) 641-2949,"Fast Food,Chicken",1,3,Open Daily 10:30 AM-10:00 PM,"http://www.kfc.com
"
Taco Bell,3705 Factoria Blvd SE,Bellevue,WA,98006,(425) 747-4637,"Fast Food,Mexican",1,3,"Mon-Fri 12:00 AM-1:00 AM, 9:00 AM-11:59 PM; Sat-Sun 12:00 AM-3:00 AM, 9:00 AM-11:59 PM","http://www.tacobell.com
"
Subway,3080 148th Ave SE,Bellevue,WA,98007,(425) 653-1611,"Fast Food,Sandwiches,Subs",1,4.5,Mon-Fri 7:00 AM-10:00 PM; Sat 7:00 AM-9:00 PM; Sun 8:00 AM-8:00 PM,"http://www.subway.com
"
John Howie Steak,11111 NE 8th St,Bellevue,WA,98004,(425) 440-0880,"Steak,American,Seafood,Contemporary,Burgers",4,4.5,"Mon-Thu 11:00 AM-2:30 PM, 5:00 PM-10:00 PM; Fri 11:00 AM-2:30 PM, 5:00 PM-11:00 PM; Sat 4:30 AM-11:00 AM; Sun 5:00 PM-9:00 PM","http://www.johnhowiesteak.com
"
Lunchbox Laboratory,989 112th Ave NE,Bellevue,WA,98004,(425) 505-2676,"American,Burgers,Contemporary,Traditional",2,4,Open Daily 11:00 AM-11:00 PM,"http://lunchboxlaboratory.com
"
Domino's Pizza,15100 SE 38th St,Bellevue,WA,98006,(425) 747-9766,Pizza,1,3.5,"Mon-Fri 10:30 AM-11:59 PM; Sat-Sun 12:00 AM-1:00 AM, 10:30 AM-11:59 PM","http://www.dominos.com
"
Sushi In Joy,2618 Bellevue Way NE,Bellevue,WA,98004,(425) 576-1743,"Sushi,Japanese,Asian,Halal,Cafe",2,4.5,"Mon-Thu 11:30 AM-2:00 PM, 5:00 PM-9:00 PM; Fri 11:30 AM-2:00 PM, 5:00 PM-9:30 PM; Sat 5:00 PM-9:30 PM","http://sushiinjoybellevue.com
"
Teriyaki House,4957 Lakemont Blvd SE,Bellevue,WA,98006,(425) 562-7000,"Japanese,Asian,Pan Asian,Halal,Tea",1,5,Mon-Sat 11:00 AM-9:00 PM,"http://teriyaki-house.com/
"
Kidd Valley,15259 Bel Red Rd,Bellevue,WA,98007,(425) 643-4165,"Burgers,Fast Food,American,Ice Cream,Hot Dogs",1,4,Open Daily 11:00 AM-9:00 PM,"http://www.kiddvalley.com/
"
McCormick & Schmick's Seafood & Steaks,700 Bellevue Way NE,Bellevue,WA,98004,(425) 454-2606,"Seafood,Steak,American,Pub Food,Traditional",2,4,Mon-Sat 11:00 AM-11:00 PM; Sun 11:00 AM-10:00 PM,"http://www.mccormickandschmicks.com/locations/seattle-washington/bellevue-washington/bellevuewayne.aspx
"
Facing East Taiwanese Restaurant,1075 Bellevue Way NE,Bellevue,WA,98004,(425) 688-2986,"Taiwanese,Chinese,Asian,Thai,Burgers",2,4.5,"Mon-Thu 11:30 AM-3:00 PM, 5:00 PM-9:00 PM; Fri-Sat 11:30 AM-3:00 PM, 5:00 PM-10:00 PM; Sun 11:30 AM-3:00 PM, 5:00 PM-9:00 PM","http://facingeastrestaurant.com
"
Outback Steakhouse,15100 SE 38th St,Bellevue,WA,98006,(425) 746-4647,"Diner,Steak",2,2,Mon-Thu 4:00 PM-10:00 PM; Fri 4:00 PM-11:00 PM; Sat 12:00 PM-11:00 PM; Sun 12:00 PM-9:00 PM,"http://www.outback.com
"
Burger King,11723 NE 8th St,Bellevue,WA,98005,(425) 453-5775,"Fast Food,Burgers",1,3,"Mon 12:00 AM-1:00 AM, 6:00 AM-11:00 PM; Tue-Fri 6:00 AM-11:00 PM; Sat 6:00 AM-11:59 PM; Sun 12:00 AM-1:00 AM, 6:00 AM-11:59 PM","http://www.burgerking.com
"
Taco Del Mar,677 120th Ave NE,Bellevue,WA,98005,(425) 646-9041,"Mexican,Fast Food,Tex Mex,American,Cafe",1,4,Mon-Fri 10:30 AM-8:00 PM; Sat 11:00 AM-8:00 PM; Sun 11:30 AM-7:00 PM,"http://www.tacodelmar.com
"
Peaks Frozen Yogurt Bar,15600 NE 8th St,Bellevue,WA,98008,(425) 698-1302,"Frozen Yogurt,Ice Cream,Fast Food,Healthy,Pub Food",1,4,Mon-Thu 11:00 AM-9:00 PM; Fri-Sat 11:00 AM-11:00 PM; Sun 11:00 AM-9:00 PM,"http://peaksfrozenyogurt.com
"
Bis On Main,10213 Main St,Bellevue,WA,98004,(425) 455-2033,"American,French,Bistro,Seafood,Italian",3,3.5,Mon-Thu 11:30 AM-11:00 PM; Fri 11:30 AM-11:59 PM; Sat 5:00 PM-11:59 PM; Sun 5:00 PM-9:00 PM,"http://www.bisonmain.com/
"
California Pizza Kitchen,595 106th Ave NE,Bellevue,WA,98004,(425) 454-2545,"Pizza,Californian,American,Contemporary,Vegan",2,4,Mon-Thu 11:00 AM-10:00 PM; Fri-Sat 11:00 AM-11:00 PM; Sun 11:00 AM-10:00 PM,"http://www.cpk.com/
"
Wild Ginger,11020 NE 6th St,Bellevue,WA,98004,(425) 495-8889,"Asian,Chinese,Thai,Pacific Rim,Fusion",3,3.5,"Mon-Thu 11:30 AM-3:00 PM, 4:00 PM-10:00 PM; Fri-Sat 11:30 AM-3:00 PM, 4:00 PM-11:59 PM; Sun 12:00 PM-3:00 PM, 4:00 PM-9:00 PM","http://www.wildginger.net
"
Firenze Ristorante Italiano,15600 NE 8th St,Bellevue,WA,98008,(425) 957-1077,"Italian,Diner,Cafe,American,European",2,3.5,"Mon-Fri 11:30 AM-2:00 PM, 5:00 PM-10:30 PM; Sat-Sun 5:00 PM-10:30 PM","http://www.firenzerestaurant.com/
"
Sacks Gourmet Sandwiches,3640 Factoria Blvd SE,Bellevue,WA,98006,(425) 643-0292,"Sandwiches,Deli,Subs,Soup,Halal",1,5,Mon-Fri 8:30 AM-5:00 PM; Sat 11:30 AM-3:00 PM,"http://www.sacksbellevue.com/
"
Spice Route,2241 148th Ave NE,Bellevue,WA,98007,(425) 643-4144,"Indian,Vegan,Pakistani,Vegetarian,Asian",2,4,"Mon-Thu 11:30 AM-2:30 PM, 5:00 PM-9:30 PM; Fri 11:30 AM-2:30 PM, 5:00 PM-10:00 PM; Sat 12:00 PM-3:00 PM, 5:00 PM-10:00 PM; Sun 12:00 PM-3:00 PM, 5:00 PM-9:30 PM","http://www.spiceroutecuisine.com/
"
Noble Court Restaurant,1644 140th Ave NE,Bellevue,WA,98005,(425) 641-6011,"Dim Sum,Seafood,Chinese,Asian,Barbecue",2,3.5,Mon-Thu 11:00 AM-9:30 PM; Fri 11:00 AM-10:30 PM; Sat 10:00 AM-10:30 PM; Sun 10:00 AM-9:30 PM,"http://www.thenoblecourt.com/
"
The Parlor Billiards & Spirits,700 Bellevue Way NE,Bellevue,WA,98004,(425) 289-7000,"American,Pub Food,Burgers",2,3,"Open Daily 12:00 AM-2:00 AM, 11:00 AM-11:59 PM","http://www.parlorbilliards.com
"
Garlic Crush,102 Bellevue Way NE,Bellevue,WA,98004,(425) 455-2235,"Mediterranean,Greek,Middle Eastern,Lebanese,Vegetarian",1,4.5,Mon-Thu 11:00 AM-9:00 PM; Fri-Sat 11:00 AM-10:00 PM; Sun 11:00 AM-9:00 PM,"http://www.garliccrush.com/
"
MOD Pizza,317 Bellevue Way NE,Bellevue,WA,98004,(425) 455-0141,"Pizza,American,Italian",1,4.5,Mon-Thu 11:00 AM-9:00 PM; Fri-Sat 11:00 AM-10:00 PM; Sun 11:00 AM-9:00 PM,"http://modpizza.com/locations/bellevue/
"
Red Robin Gourmet Burgers,25207 104th Ave SE,Kent,WA,98030,(253) 850-8101,"Burgers,American,Traditional,Salad,Sandwiches",1,2.5,Mon-Thu 11:00 AM-10:00 PM; Fri-Sat 11:00 AM-11:00 PM; Sun 11:00 AM-10:00 PM,"http://www.redrobin.com/
"
Wild Wheat Bakery Cafe & Restaurant,202 1st Ave S,Kent,WA,98032,(253) 856-8919,"Bakery,Cafe,American,Traditional,Sandwiches",1,4,Mon-Thu 7:00 AM-3:00 PM; Fri 7:00 AM-3:30 PM; Sat 7:00 AM-4:00 PM; Sun 7:30 AM-2:30 PM,"http://wildwheat.wordpress.com/
"
Panera Bread,521 2nd Pl N,Kent,WA,98032,(253) 854-1711,"American,Sandwiches,Soup,Bakery",1,4.5,Mon-Thu 6:00 AM-9:00 PM; Fri-Sat 6:00 AM-10:00 PM; Sun 7:00 AM-9:00 PM,"http://www.panerabread.com
"
Starbucks,6719 S 211th St,Kent,WA,98032,(425) 251-1242,"Cafe,Coffee,Tea",1,3.5,Mon-Fri 4:30 AM-7:30 PM; Sat-Sun 5:30 AM-6:30 PM,"http://www.starbucks.com
"
Cloud 9,806 Central Ave S,Kent,WA,98032,(253) 852-9910,"Grill,Pub Food,American,Halal",2,3.5,"Open Daily 12:00 AM-2:00 AM, 12:00 PM-11:59 PM","http://cloud9.com
"
Pho Saigon Garden,25632 Pacific Hwy S,Kent,WA,98032,(253) 946-2233,"Pho,Vietnamese,Noodle Bar,Asian,Pan Asian",1,4.5,Mon-Sat 10:00 AM-9:00 PM; Sun 10:00 AM-7:30 PM,"http://phosaigonkent.com/
"
El Parral,26122 Pacific Hwy S,Kent,WA,98032,(253) 941-0214,Mexican,2,4.0,"Thu 9:00 PM-11:59 PM; Fri-Sat 12:00 AM-2:00 AM, 9:00 PM-11:59 PM; Sun 12:00 AM-2:00 AM","http://elparral.com
"
Sam's Sports Bar,23803 104th Ave SE,Kent,WA,98031,(253) 277-0485,"American,Traditional",2,3.5,"Mon 12:00 AM-2:00 AM, 11:00 AM-11:59 PM; Tue-Thu 11:00 AM-11:59 PM; Fri-Sun 12:00 AM-2:00 AM, 11:00 AM-11:59 PM","http://www.samssportsbarkent.com
"
Jamba Juice,417 Ramsay Way,Kent,WA,98032,(253) 852-4078,"Smoothies,American,Traditional,Juices,Halal",1,5,Mon-Sat 8:00 AM-9:00 PM; Sun 9:00 AM-7:00 PM,"http://www.jambajuice.com/
"
Subway,23235 Pacific Hwy S,Kent,WA,98032,(206) 824-3193,"Fast Food,Sandwiches,Subs",1,4.5,Mon-Fri 7:00 AM-10:00 PM; Sat 8:00 AM-10:00 PM; Sun 9:00 AM-9:30 PM,"http://www.subway.com
"
Asian Gardens Buffet,406 Washington Ave S,Kent,WA,98032,(253) 813-8800,"Asian,Chinese,Ice Cream,Ribs,Pan Asian",2,3.5,Mon-Thu 11:00 AM-9:00 PM; Fri-Sat 11:00 AM-10:00 PM; Sun 11:00 AM-9:00 PM,"http://www.asiangardensbuffetkent.com/
"
Wendy's,6331 S 212th St,Kent,WA,98032,(253) 395-5634,"Fast Food,Burgers",1,3.5,"Mon-Fri 12:00 AM-1:00 AM, 6:00 AM-11:59 PM; Sat-Sun 12:00 AM-1:00 AM, 7:00 AM-11:59 PM","http://www.wendys.com
"
McDonald's,1236 W Meeker St,Kent,WA,98032,(253) 859-9692,"Fast Food,Burgers",1,3,Open Daily 12:00 AM-12:00 AM,"http://www.mcdonalds.com
"
Burger King,23221 Pacific Hwy S,Kent,WA,98032,(206) 878-8608,"Fast Food,Burgers",1,3.5,"Mon 12:00 AM-1:00 AM, 6:00 AM-11:00 PM; Tue-Fri 6:00 AM-11:00 PM; Sat 6:00 AM-11:59 PM; Sun 12:00 AM-1:00 AM, 6:00 AM-11:59 PM","http://www.burgerking.com
"
Paolo's Italian Restaurant,23810 104th Ave SE,Kent,WA,98031,(253) 850-2233,"Italian,Pizza,European,Cafe,Ice Cream",2,3.5,"Mon-Thu 11:30 AM-2:00 PM, 4:30 PM-9:00 PM; Fri 11:30 AM-2:00 PM, 4:30 PM-10:00 PM; Sat 4:30 PM-10:00 PM; Sun 4:00 PM-8:00 PM","http://www.paolositalian.com
"
Jack In The Box,23911 104th Ave SE,Kent,WA,98031,(253) 854-3044,"Fast Food,Burgers",1,1,Open Daily 12:00 AM-11:59 PM,"http://www.jackinthebox.com
"
Thai Chili Restaurant,120 Washington Ave N,Kent,WA,98032,(253) 850-5887,"Thai,Asian,American,Cafe,Vegetarian",2,4.5,Mon-Fri 11:00 AM-9:00 PM; Sat 12:00 PM-9:00 PM,"http://www.mythaichili.com
"
Maggie's On Meeker,307 W Meeker St,Kent,WA,98032,(253) 852-4116,"Deli,American,Traditional,Sandwiches,Bakery",1,4,Open Daily 7:00 AM-2:00 PM,"http://www.maggiesonmeeker.com
"
Olive Tree,12930 SE Kent Kangley Rd,Kent,WA,98030,(253) 630-4976,"Mediterranean,Greek,Middle Eastern",2,4.5,Mon-Tue 11:00 AM-9:00 PM; Wed-Sat 11:00 AM-10:00 PM; Sun 11:00 AM-9:00 PM,"http://www.olivetreemenu.com/
"
Banyan Tree Restaurant,504 Ramsay Way,Kent,WA,98032,(253) 981-6333,"Thai,Cafe",2,3.5,Mon-Thu 11:00 AM-9:30 PM; Fri-Sat 11:00 AM-10:00 PM; Sun 11:00 AM-9:30 PM,"http://www.banyantreerestaurant.com/
"
Goldensteer Steak And Rib House,23826 104th Ave SE,Kent,WA,98031,(253) 852-1144,"Steak,American,Seafood,Barbecue,Traditional",2,3.5,Open Daily 6:00 AM-11:59 PM,"http://www.goldensteerrestaurant.com/
"
Chipotle Mexican Grill,512 Ramsay Way,Kent,WA,98032,(253) 850-3777,"Mexican,Grill,Tex Mex,Halal,American",1,4,Open Daily 11:00 AM-10:00 PM,"http://www.chipotle.com/
"
Dairy Queen,25206 104th Ave SE,Kent,WA,98030,(253) 854-7626,"Ice Cream,Burgers,Fast Food",1,5,Mon-Thu 11:00 AM-9:00 PM; Fri-Sat 11:00 AM-9:30 PM; Sun 11:00 AM-9:00 PM,"http://www.dairyqueen.com
"
BBQ Pete's,6621 S 211th St,Kent,WA,98032,(425) 251-0778,"Barbecue,American,Californian,Soul Food,Southwestern",2,3.5,Mon 11:00 AM-8:00 PM; Tue-Sat 11:00 AM-8:30 PM; Sun 12:00 PM-8:00 PM,"http://www.bbqpetes.com
"
Mama Stortini's Restaurant & Bar,240 W Kent Station St,Kent,WA,98032,(253) 854-5050,"Italian,American,Seafood,Pub Food,Burgers",2,4,Mon 11:00 AM-11:00 PM; Tue-Sat 11:00 AM-11:59 PM; Sun 11:00 AM-11:00 PM,"http://www.mamastortinis.com
"
Ram Restaurant & Brewery,512 Ramsay Way,Kent,WA,98032,(253) 520-3881,"Pub Food,American,Seafood,Steak,Gastropub",2,4,"Open Daily 12:00 AM-1:30 AM, 11:00 AM-11:59 PM","http://www.theram.com/
"
Duke's Chowder House Kent Station,240 W Kent Station St,Kent,WA,98032,(253) 850-6333,"Chowder,Seafood,American,Burgers,Soup",2,3.5,Mon-Thu 11:00 AM-10:00 PM; Fri-Sat 11:00 AM-11:00 PM; Sun 11:00 AM-10:00 PM,"http://www.dukeschowderhouse.com
"
Baja Fresh,8825 S 180th St,Kent,WA,98032,(425) 264-0131,"Mexican,Grill,Fast Food,American,Tex Mex",1,3.5,Mon-Thu 10:00 AM-9:00 PM; Fri-Sun 10:00 AM-10:00 PM,"http://www.bajafresh.com
"
Bigfoot Java,21110 84th Ave S,Kent,WA,98032,(253) 437-1405,"Coffee,Diner,American,Tea,Traditional",1,3.5,Open Daily 12:00 AM-11:59 PM,"http://www.bigfootjava.com
"
Aloha Hawaiian Grill,18016 71st Ave S,Kent,WA,98032,(425) 656-5283,"Grill,Hawaiian,Japanese,American,Polynesian",1,3,Mon-Fri 10:00 AM-8:30 PM; Sat-Sun 11:00 AM-8:00 PM,"http://www.alohahawaiiangrill.com
"
Reds Wine Bar,321 Ramsay Way,Kent,WA,98032,(253) 277-1852,"American,Tapas",2,4,Mon-Thu 11:00 AM-9:00 PM; Fri-Sat 11:00 AM-11:00 PM; Sun 3:00 PM-8:00 PM,"http://www.redswinebar-kent.com
"
Noba Express,18230 E Valley Hwy,Kent,WA,98032,(425) 251-8988,"American,Cafe,Pan Asian,Coffee,Halal",1,4.5,Mon-Fri 11:00 AM-8:00 PM; Sat 11:00 AM-9:00 PM; Sun 11:00 AM-8:00 PM,"http://www.noahs.com/
"
Cave Man Kitchens,807 W Valley Hwy,Kent,WA,98032,(253) 854-1210,"Barbecue,American,Sandwiches,Deli,Salad",2,3,Open Daily 9:00 AM-8:00 PM,"http://cavemankitchen.com/
"
Gonzo's Bar and Grill,15423 SE 272nd St,Kent,WA,98042,(253) 638-2337,"Pub Food,American,Grill",2,1.5,"Mon-Wed 12:00 PM-11:59 PM; Thu-Sat 12:00 AM-2:00 AM, 12:00 PM-11:59 PM; Sun 12:00 AM-2:00 AM, 11:00 AM-11:59 PM","http://www.gonzosbarandgrill.com/
"
Dilettante Chocolates,514 Ramsay Way,Kent,WA,98032,(253) 852-3555,"Cafe,Coffee,Ice Cream,Tea",1,3.5,Mon-Thu 6:30 AM-9:00 PM; Fri 6:30 AM-10:00 PM; Sat 8:00 AM-10:00 PM; Sun 9:00 AM-9:00 PM,"http://www.dilettante.com
"
Shindig Martini Bar,222 1st Ave S,Kent,WA,98032,(253) 520-4705,Halal,2,3.5,"Mon-Thu 3:30 PM-11:00 PM; Fri 3:30 PM-11:59 PM; Sat 12:00 AM-2:00 AM, 5:00 PM-11:59 PM; Sun 12:00 AM-2:00 AM","http://www.shindigmartinibar.com
"
Giovanni's Gourmet Pizza,24618 36th Ave S,Kent,WA,98032,(206) 933-5664,"Pizza,Italian,Subs,Healthy",2,3.5,"Open Daily 12:00 AM-3:00 AM, 11:00 AM-11:59 PM","http://www.giovannipizza.net/
"
Shari's Restaurant,12990 SE Kent Kangley Rd,Kent,WA,98030,(253) 631-2456,"American,Traditional,Salad,Sandwiches,Soup",1,3.5,Open Daily 12:00 AM-11:59 PM,"http://www.sharis.com
"
Fortune Seafood Restaurant,23801 104th Ave SE,Kent,WA,98031,(253) 852-7360,"Seafood,Chinese,Asian,Cafe",1,3.5,Mon-Thu 11:00 AM-10:00 PM; Fri-Sat 11:00 AM-11:00 PM; Sun 11:00 AM-10:00 PM,"http://fortuneseafood.com/
"
Cutters Point Coffee,25246 Pacific Hwy S,Kent,WA,98032,(253) 941-2174,"Coffee,Cafe,Tea",1,4.5,Mon-Fri 5:00 AM-8:00 PM; Sat 6:00 AM-8:00 PM; Sun 7:00 AM-7:00 PM,"http://www.cutterspoint.com
"
Applebee's,25442 104th Ave SE,Kent,WA,98030,(253) 520-3888,"Grill,American,Burgers,Pub Food,Cafe",2,4,"Mon-Fri 11:00 AM-11:59 PM; Sat-Sun 12:00 AM-1:00 AM, 10:00 AM-11:59 PM","http://www.applebees.com
"
Rich's 5 Star Pizza,13121 SE Kent Kangley Rd,Kent,WA,98030,(253) 639-7827,Pizza,2,4.5,Mon-Thu 10:00 AM-10:00 PM; Fri-Sat 10:00 AM-11:59 PM; Sun 10:00 AM-10:00 PM,"http://www.richs5starpizza.com
"
Sweet Themes Bakery,317 W Meeker St,Kent,WA,98032,(253) 981-4999,Bakery,1,4,Mon-Fri 9:00 AM-5:00 PM; Sat 9:00 AM-2:00 PM; Sun 10:00 AM-4:00 PM,"http://www.sweetthemesbakery.com/
"
Jersey Mike's Subs,18119 E Valley Hwy,Kent,WA,98032,(425) 251-8055,"Subs,Sandwiches,Soup,Deli,American",1,4.5,Open Daily 10:00 AM-9:00 PM,"http://www.jerseymikes.com/
"
Pizza Hut,13003 SE Kent Kangley Rd,Kent,WA,98030,(253) 639-5560,"Pizza,American,Fast Food,Cafe,Halal",1,2.5,Mon-Thu 11:00 AM-10:00 PM; Fri-Sat 11:00 AM-11:00 PM; Sun 11:00 AM-10:00 PM,"http://www.pizzahut.com/
"
Pho To Chau Vietnamese Restaurant,18230 E Valley Hwy,Kent,WA,98032,(425) 251-8448,"Pho,Vietnamese,Asian,Noodle Bar,Chinese",1,3,Open Daily 9:00 AM-9:00 PM,"http://www.photochau.com/
"
Applebee's,10407 Gravelly Lake Dr SW,Lakewood,WA,98499,(253) 983-8884,"Grill,American,Burgers,Steak,Pub Food",2,4.5,"Mon-Fri 11:00 AM-11:59 PM; Sat-Sun 12:00 AM-1:00 AM, 11:00 AM-11:59 PM","http://www.applebees.com
"
Panera Bread,5618 Lakewood Towne Center Blvd SW,Lakewood,WA,98499,(253) 588-4669,"American,Sandwiches,Soup,Bakery",1,4,Mon-Thu 6:00 AM-9:00 PM; Fri-Sat 6:00 AM-10:00 PM; Sun 7:00 AM-9:00 PM,"http://www.panerabread.com
"
Starbucks,10314 S Tacoma Way,Lakewood,WA,98499,(253) 984-0898,"Cafe,Coffee,Tea",1,3.5,Mon-Fri 4:00 AM-9:00 PM; Sat-Sun 5:00 AM-9:00 PM,"http://www.starbucks.com
"
Carl's Jr.,6125 Main St SW,Lakewood,WA,98499,(253) 584-1111,"Fast Food,Burgers",1,2.5,Mon-Thu 6:00 AM-11:00 PM; Fri-Sat 6:00 AM-11:59 PM; Sun 6:00 AM-11:00 PM,"http://www.carlsjr.com/
"
Five Guys Burgers & Fries,5605 Lakewood Towne Center Blvd SW,Lakewood,WA,98499,(253) 582-4897,"Burgers,American,Fast Food,Hot Dogs,Sandwiches",1,4,Open Daily 11:00 AM-10:00 PM,"http://www.fiveguys.com/
"
Galloping Gerties Restaurant,15417 Union Ave SW,Lakewood,WA,98498,(253) 584-4848,"Grill,American,Contemporary,Cafe",1,4,"Open Daily 12:00 AM-2:00 AM, 6:00 AM-11:59 PM","http://www.gerties.comcastbiz.net/
"
Kyoto Japanese Restaurant,8722 S Tacoma Way,Lakewood,WA,98499,(253) 581-7229,"Japanese,Sushi,Asian,Cafe,Raw",2,4.5,Mon-Fri 11:00 AM-10:00 PM; Sat-Sun 12:00 PM-10:00 PM,"http://www.sushikyoto.com/
"
Great India Cuisine,9518 Gravelly Lake Dr SW,Lakewood,WA,98499,(253) 581-1333,"Indian,Asian,Pakistani,Cafe,Middle Eastern",2,3,"Mon-Thu 11:00 AM-2:30 PM, 4:00 PM-9:00 PM; Fri 11:00 AM-2:30 PM, 4:00 PM-9:30 PM; Sat 12:00 PM-3:00 PM, 4:00 PM-9:30 PM; Sun 12:00 PM-3:00 PM, 4:00 PM-9:00 PM","http://www.greatcuisineofindia.com/
"
Taco Bell,9511 Bridgeport Way SW,Lakewood,WA,98499,(253) 983-9601,"Fast Food,Mexican",1,3,"Mon-Fri 12:00 AM-1:00 AM, 10:00 AM-11:59 PM; Sat-Sun 12:00 AM-2:00 AM, 10:00 AM-11:59 PM","http://www.tacobell.com
"
Ram Restaurant & Brewery,10019 59th Ave SW,Lakewood,WA,98499,(253) 584-3191,"American,Pub Food,International,Seafood,Burgers",2,3.5,Open Daily 11:00 AM-11:00 PM,"http://www.theram.com/
"
Dairy Queen,10104 S Tacoma Way,Lakewood,WA,98499,(253) 584-3824,"Ice Cream,Burgers,Fast Food",1,1,Mon-Thu 10:30 AM-10:00 PM; Fri-Sat 10:30 AM-11:00 PM; Sun 10:30 AM-10:00 PM,"http://www.dairyqueen.com
"
Burger King,5901 100th St SW,Lakewood,WA,98499,(253) 584-2129,"Fast Food,Burgers",1,3,"Mon 12:00 AM-1:00 AM, 6:00 AM-11:00 PM; Tue-Fri 6:00 AM-11:00 PM; Sat 6:00 AM-11:59 PM; Sun 12:00 AM-1:00 AM, 6:00 AM-11:59 PM","http://www.burgerking.com
"
Subway,7701 Steilacoom Blvd SW,Lakewood,WA,98498,(253) 584-6379,"Fast Food,Sandwiches,Subs",1,4.5,Mon-Fri 7:00 AM-11:00 PM; Sat 8:00 AM-11:00 PM; Sun 9:00 AM-10:00 PM,"http://www.subway.com
"
Black Angus Steakhouse,9905 Bridgeport Way SW,Lakewood,WA,98499,(253) 582-6900,"Steak,American,Traditional,Seafood,Ribs",2,4,Mon-Fri 4:00 PM-10:00 PM; Sat 3:00 PM-10:00 PM; Sun 12:00 PM-9:00 PM,"http://www.blackangus.com/
"
Jack In The Box,8814 S Tacoma Way,Lakewood,WA,98499,(253) 581-7244,"Fast Food,Burgers",1,2.5,Open Daily 12:00 AM-12:00 AM,"http://www.jackinthebox.com
"
Casa Mia Italian Restaurant,7304 Lakewood Dr W,Lakewood,WA,98499,(253) 473-0400,"Italian,Pizza,Cafe,European,Noodle Bar",2,3.5,Mon-Thu 11:00 AM-9:00 PM; Fri-Sat 11:00 AM-10:00 PM; Sun 12:00 PM-9:00 PM,"http://www.casamiarestaurants.com/
"
Steeped In Comfort,11016 Gravelly Lake Dr SW,Lakewood,WA,98499,(253) 582-1336,"Tea,American,British,Cafe,Coffee",2,,Tue-Sat 11:00 AM-4:00 PM,"http://www.steepedincomfort.com
"
Burs Restaurant,6151 Steilacoom Blvd SW,Lakewood,WA,98499,(253) 588-4844,"American,Diner,Pub Food,Cafe,Traditional",1,3.5,Mon 5:00 AM-10:00 PM; Tue-Sun 6:00 AM-10:00 PM,"http://www.burstacoma.com/
"
Delong's Deluxe,8901 Bridgeport Way SW,Lakewood,WA,98499,(253) 301-0282,"Burgers,Hot Dogs,Fast Food,American",2,4,Open Daily 11:00 AM-8:00 PM,"http://www.delongsdeluxe.com
"
La Palma Mexican Restaurant,5701 Lakewood Towne Center Blvd SW,Lakewood,WA,98499,(253) 582-8349,"Mexican,Pub Food,American,Tex Mex,Cafe",1,3,Mon-Thu 11:00 AM-10:30 PM; Fri 11:00 AM-10:00 PM; Sat-Sun 11:00 AM-10:30 PM,"http://www.lapalma-mexican-restaurant.com/
"
Pizza Hut,15110 Union Ave SW,Lakewood,WA,98498,(253) 582-8000,"Pizza,Fast Food,American,Cafe,European",1,4.5,Mon-Thu 11:00 AM-11:00 PM; Fri-Sat 11:00 AM-11:59 PM; Sun 11:00 AM-11:00 PM,"http://www.pizzahut.com/
"
Carrs Restaurant,11006 Bridgeport Way SW,Lakewood,WA,98499,(253) 584-4622,"American,Cafe,Traditional,Burgers,Sandwiches",1,4,Mon-Thu 6:00 AM-9:00 PM; Fri 6:00 AM-10:00 PM; Sat 7:00 AM-10:00 PM; Sun 8:00 AM-8:00 PM,"http://www.carrsrestaurant.net
"
Tijuana Taco Restaurant,10005 Bristol Ave SW,Lakewood,WA,98499,(253) 588-4621,"Mexican,Fast Food,American,Cafe,Vegetarian",1,4,Mon-Fri 10:30 AM-8:00 PM; Sat-Sun 11:00 AM-8:00 PM,"http://www.tijuanatacorestaurant.com
"
Cho Dang Tofu,9601 S Tacoma Way,Lakewood,WA,98499,(253) 682-1968,"Korean,Asian,Organic",2,4.5,Open Daily 10:00 AM-10:00 PM,"http://calendar.thenewstribune.com
"
Red Robin Gourmet Burgers,10311 Gravelly Lake Dr SW,Lakewood,WA,98499,(253) 588-2888,"Burgers,American,Salad,Sandwiches,Soup",2,4,Mon-Thu 11:00 AM-10:00 PM; Fri-Sat 11:00 AM-11:00 PM; Sun 11:00 AM-10:00 PM,"http://www.redrobin.com/
"
Moonrise Cafe,6020 Main St SW,Lakewood,WA,98499,(253) 983-9999,"Cafe,American,Vegetarian,Ice Cream,Sandwiches",1,5,Mon-Fri 7:00 AM-2:00 PM,"http://www.themoonrisecafe.com
"
AAA Buffet,10310 S Tacoma Way,Lakewood,WA,98499,(253) 983-8833,"Chinese,Asian,American,Japanese",1,3.5,Open Daily 11:00 AM-9:30 PM,"http://www.aaabuffettacoma.com/
"
Cold Stone Creamery,10417 Gravelly Lake Dr SW,Lakewood,WA,98499,(253) 589-8646,"Ice Cream,Frozen Yogurt,American,Cafe",1,3.5,Mon-Thu 11:30 AM-9:00 PM; Fri-Sat 11:30 AM-10:00 PM; Sun 11:30 AM-9:00 PM,"http://www.coldstonecreamery.com/
"
Green Coconut Tree,8813 Edgewater Dr SW,Lakewood,WA,98499,(253) 473-4444,"Vietnamese,Caribbean,Chinese,Cajun,Coffee",1,3.5,Mon-Sat 10:00 AM-9:00 PM; Sun 10:00 AM-6:00 PM,"http://greencoconuttree.yolasite.com/
"
Sunny Teraki,10509 Bridgeport Way SW,Lakewood,WA,98499,(253) 584-4839,"Japanese,Asian,Sushi,Cafe",1,5,Mon-Sat 11:00 AM-10:00 PM,"http://www.sunnyteriyaki7.com/
"
KFC,15116 Union Ave SW,Lakewood,WA,98498,(253) 588-2565,"Fast Food,Chicken",1,3,Open Daily 10:30 AM-10:00 PM,"http://www.kfc.com
"
El Toro,12914 Pacific Hwy SW,Lakewood,WA,98499,(253) 588-5888,"Mexican,American,Latin American,Burgers,Chicken",2,5,Mon-Thu 11:00 AM-10:00 PM; Fri-Sat 11:00 AM-11:00 PM; Sun 11:00 AM-10:00 PM,"http://www.eltorofamily.com
"
Oaktree Food & Drink Company,8011 Steilacoom Blvd SW,Lakewood,WA,98498,(253) 582-2220,"American,Burgers,Pub Food,Sandwiches",1,3,"Open Daily 12:00 AM-2:00 AM, 8:00 AM-11:59 PM","http://www.theoaktrees.com/
"
Cham Korean BBQ Buffet,10518 S Tacoma Way,Lakewood,WA,98499,(253) 584-2287,"Barbecue,Korean,Asian,Japanese,International",2,4.5,Tue-Sat 11:00 AM-9:30 PM; Sun 1:00 PM-9:00 PM,"http://www.gardenkoreancuisine.com/
"
Palace Restaurant,8718 S Tacoma Way,Lakewood,WA,98499,(253) 581-0880,"Korean,Grill,Asian,Barbecue,American",2,3.5,Open Daily 11:00 AM-11:59 PM,"http://www.palacebbq.com/
"
McDonald's,15004 Union Ave SW,Lakewood,WA,98498,(253) 588-2415,"Fast Food,Burgers",1,1,Open Daily 12:00 AM-12:00 AM,"http://www.mcdonalds.com
"
Pizza Casa,12924 Pacific Hwy SW,Lakewood,WA,98499,(253) 588-8135,"Pizza,Italian,European,Sandwiches,Subs",2,3.5,Mon-Thu 4:00 PM-10:00 PM; Fri-Sat 4:00 PM-11:00 PM; Sun 2:00 PM-10:00 PM,"http://www.pizzacasa.com
"
Forza Coffee,10240 Bridgeport Way SW,Lakewood,WA,98499,(253) 581-6701,"Coffee,Bagels,Cafe,Tea",1,4.5,Mon-Sat 7:00 AM-9:00 PM; Sun 11:00 AM-7:00 PM,"http://www.forzacoffeecompany.com
"
Great American Casino,10117 S Tacoma Way,Lakewood,WA,98499,(253) 396-0500,"American,Steak,Traditional",2,3.5,"Open Daily 12:00 AM-6:00 AM, 10:00 AM-11:59 PM","http://www.greatamericancasino.com
"
Papa John's Pizza,5700 100th St SW,Lakewood,WA,98499,(253) 589-2020,Pizza,1,2.5,Open Daily 10:00 AM-9:40 PM,"http://www.papajohns.com
"
Olympus Restaurant,8615 S Tacoma Way,Lakewood,WA,98499,(253) 588-3355,Greek,2,5,Mon-Thu 9:00 AM-10:00 PM; Fri-Sat 9:00 AM-11:59 PM,"http://www.olympusspa.com
"
Panda Express,10417 Gravelly Lake Dr SW,Lakewood,WA,98499,(253) 589-3368,"Chinese,Asian,Fast Food,American,Chicken",1,3,Mon-Thu 11:00 AM-9:00 PM; Fri-Sat 11:00 AM-9:30 PM; Sun 11:00 AM-9:00 PM,"http://www.pandaexpress.com/
"
Domino's Pizza,10112 Bridgeport Way SW,Lakewood,WA,98499,(253) 581-3531,Pizza,1,4.5,"Mon-Fri 10:00 AM-11:59 PM; Sat-Sun 12:00 AM-1:00 AM, 10:00 AM-11:59 PM","http://www.dominos.com
"
House of Donuts of Lakewood,9638 Gravelly Lake Dr SW,Lakewood,WA,98499,(253) 588-2647,"Donuts,Bakery,Bagels,Cafe",1,4.5,Open Daily 6:00 AM-6:00 PM,"http://www.thehouseofdonuts.com/
"
Long Beach Cafe Restaurant,10114 Bridgeport Way SW,Lakewood,WA,98499,(253) 565-3269,"Cafe,Vietnamese,Thai,Asian",2,3.5,Mon-Thu 10:00 AM-9:00 PM; Fri-Sat 10:00 AM-9:30 PM; Sun 11:00 AM-8:00 PM,"http://www.chow.com/profile/1159290
"
Baskin-Robbins,6125 100th St SW,Lakewood,WA,98499,(253) 584-1180,"Ice Cream,Frozen Yogurt,Donuts,Coffee,Juices",1,3,Open Daily 11:00 AM-10:00 PM,"http://www.baskinrobbins.com/
"
Taco Time,10507 S Tacoma Way,Lakewood,WA,98499,(253) 588-0755,"Mexican,Fast Food,Pizza,Tex Mex,American",1,3.5,Open Daily 10:00 AM-10:00 PM,"http://www.tacotimenw.com
"
Wendy's,10619 Pacific Hwy SW,Lakewood,WA,98499,(253) 589-2280,"Fast Food,Burgers",1,2.5,"Open Daily 12:00 AM-1:00 AM, 9:00 AM-11:59 PM","http://www.wendys.com
"
Macau Casino,9811 S Tacoma Way,Lakewood,WA,98499,(253) 983-1777,"American,Asian,Pub Food,Traditional",2,4.5,"Open Daily 12:00 AM-7:00 AM, 10:00 AM-11:59 PM","http://casino-caribbean.net/macau/index.html
"
Mazatlan Restaurant,10518 S Tacoma Way,Lakewood,WA,98499,(253) 588-8817,"Mexican,American,Cafe,Latin American,Chicken",2,3,Mon-Thu 11:00 AM-10:00 PM; Fri-Sat 11:00 AM-11:00 PM; Sun 11:00 AM-10:00 PM,"http://www.elmazatlan.com
"
Deja Vu Showgirls,8920 S Tacoma Way,Lakewood,WA,98499,(253) 589-8656,"American,Pub Food",2,2.5,"Mon-Sat 12:00 AM-2:00 AM, 11:00 AM-11:59 PM; Sun 12:00 AM-2:00 AM, 2:00 PM-11:59 PM","http://www.dejavu-tacoma.com
"
Best Burgers,7714 Custer Rd W,Lakewood,WA,98499,(253) 472-0736,"Burgers,Fast Food,Sandwiches,Hot Dogs,Seafood",1,3.5,Mon-Thu 7:00 AM-9:00 PM; Fri 7:00 AM-10:00 PM; Sat 9:00 AM-10:00 PM; Sun 9:00 AM-8:00 PM,"http://bestburgersoflakewood.com/home.html
"
Mama Stortini's,3207 E Main,Puyallup,WA,98372,(253) 845-7569,"Italian,Seafood,European,American,Ice Cream",2,4,Mon-Thu 11:00 AM-9:30 PM; Fri-Sat 11:00 AM-10:30 PM; Sun 11:00 AM-9:30 PM,"http://www.mamastortinis.com/
"
Anthem Coffee & Tea,210 W Pioneer,Puyallup,WA,98371,(253) 881-1445,"Coffee,Tea",1,4,Mon-Fri 5:30 AM-9:00 PM; Sat-Sun 7:00 AM-8:00 PM,"http://www.myanthemcoffee.com
"
Powerhouse Restaurant & Brewery,454 E Main,Puyallup,WA,98372,(253) 845-1370,"American,Pub Food,Burgers,Cafe,Traditional",1,3.5,Mon-Thu 11:00 AM-9:00 PM; Fri-Sat 11:00 AM-10:00 PM; Sun 11:00 AM-9:00 PM,"http://www.powerhousebrewpub.com/
"
Trackside Pizza,201 N Meridian,Puyallup,WA,98371,(253) 845-7437,"Pizza,American,Sandwiches,Italian,Coffee",2,4,Open Daily 11:00 AM-10:00 PM,"http://www.pizzatrackside.com
"
Outback Steakhouse,12920 Meridian E,Puyallup,WA,98373,(253) 864-7725,"Diner,Steak",2,3.5,Mon-Thu 4:00 PM-10:00 PM; Fri 4:00 PM-11:00 PM; Sat 11:00 AM-11:00 PM; Sun 12:00 PM-9:00 PM,"http://www.outback.com
"
Applebee's,3510 S Meridian,Puyallup,WA,98373,(253) 840-4000,"Grill,American,Burgers,Steak,Salad",2,2,"Mon-Fri 11:00 AM-11:59 PM; Sat-Sun 12:00 AM-1:00 AM, 10:00 AM-11:59 PM","http://www.applebees.com
"
Ayothaya Thai Cuisine,4102 S Meridian,Puyallup,WA,98373,(253) 841-7599,"Thai,Asian,Coffee,Donuts",1,4.5,Mon-Thu 11:00 AM-9:30 PM; Fri-Sat 11:00 AM-10:00 PM; Sun 11:00 AM-9:30 PM,"http://www.hellothaifood.com/ayothaya.html
"
McDonald's,4603 S Meridian,Puyallup,WA,98373,(253) 841-4121,"Fast Food,Burgers",1,1.5,Open Daily 5:00 AM-11:00 PM,"http://www.mcdonalds.com
"
Charlie's Restaurant,113 E Main,Puyallup,WA,98372,(253) 845-0588,"American,Pub Food,Cafe,Burgers,Gastropub",2,4,"Mon-Thu 8:00 AM-10:00 PM; Fri 8:00 AM-11:59 PM; Sat 12:00 AM-2:00 AM, 8:00 AM-11:59 PM; Sun 12:00 AM-2:00 AM, 8:00 AM-10:00 PM","http://charliesofpuyallup.com
"
Olive Garden,3803 9th St SW,Puyallup,WA,98373,(253) 435-7446,Italian,2,4,Mon-Thu 11:00 AM-10:00 PM; Fri-Sat 11:00 AM-11:00 PM; Sun 11:00 AM-10:00 PM,"http://www.olivegarden.com
"
Cattin's Family Dining,105 9th Ave SW,Puyallup,WA,98371,(253) 848-3494,"American,Traditional,Diner,Burgers,Seafood",2,3.5,Mon-Wed 6:30 AM-10:00 PM; Thu-Sat 12:00 AM-11:59 PM; Sun 7:00 AM-10:00 PM,"http://www.cattinsrestaurant.com/
"
Jamba Juice,3803 S Meridian,Puyallup,WA,98373,(253) 770-2529,"Smoothies,American,Juices,Healthy,Ice Cream",1,3.5,Mon-Fri 6:30 AM-8:30 PM; Sat 8:00 AM-8:30 PM; Sun 8:00 AM-8:00 PM,"http://www.jambajuice.com/
"
Starbucks,3705 S Meridian,Puyallup,WA,98373,(253) 435-9804,"Cafe,Coffee,Tea",1,4,Mon-Sat 4:30 AM-10:00 PM; Sun 5:00 AM-9:00 PM,"http://www.starbucks.com
"
Dairy Queen,15414 Meridian E,Puyallup,WA,98375,(253) 435-8669,"Ice Cream,Burgers,Fast Food",1,4,Mon-Thu 11:00 AM-9:00 PM; Fri-Sat 11:00 AM-9:30 PM; Sun 11:00 AM-9:00 PM,"http://www.dairyqueen.com
"
Taco Bell,12223 Meridian E,Puyallup,WA,98373,(253) 841-4685,"Fast Food,Mexican",1,2,"Mon-Fri 12:00 AM-1:00 AM, 10:00 AM-11:59 PM; Sat-Sun 12:00 AM-2:00 AM, 10:00 AM-11:59 PM","http://www.tacobell.com
"
IHOP,13333 Meridian E,Puyallup,WA,98373,(253) 445-2445,"American,Burgers,Contemporary",2,2.5,Mon-Thu 6:00 AM-10:00 PM; Fri-Sat 6:00 AM-11:59 PM; Sun 6:00 AM-10:00 PM,"http://www.ihop.com/
"
Papa John's Pizza,17528 Meridian E,Puyallup,WA,98375,(253) 841-3333,Pizza,1,3.5,Open Daily 10:00 AM-9:40 PM,"http://www.papajohns.com
"
Wendy's,4113 S Meridian,Puyallup,WA,98373,(253) 841-1597,"Fast Food,Burgers",1,3,"Open Daily 12:00 AM-1:00 AM, 9:00 AM-11:59 PM","http://www.wendys.com
"
Subway,4621 S Meridian,Puyallup,WA,98373,(253) 848-9299,"Fast Food,Sandwiches,Subs",1,1,Mon-Thu 7:00 AM-9:00 PM; Fri 7:00 AM-10:00 PM; Sat 8:00 AM-10:00 PM; Sun 8:00 AM-9:00 PM,"http://www.subway.com
"
Burger King,17524 Meridian E,Puyallup,WA,98375,(253) 840-5295,"Fast Food,Burgers",1,2,"Mon 12:00 AM-1:00 AM, 6:00 AM-11:00 PM; Tue-Fri 6:00 AM-11:00 PM; Sat 6:00 AM-11:59 PM; Sun 12:00 AM-1:00 AM, 6:00 AM-11:59 PM","http://www.burgerking.com
"
Jack In The Box,705 S Meridian,Puyallup,WA,98371,(253) 435-6071,"Fast Food,Burgers",1,3,Open Daily 12:00 AM-11:59 PM,"http://www.jackinthebox.com
"
Bean Tree,745 River Rd,Puyallup,WA,98371,(253) 841-8141,"Coffee,Cafe,Tea",1,4,Open Daily 12:00 PM-3:00 PM,"http://www.agr.wa.gov/
"
Buffalo Wild Wings,13215 Meridian E Longston Pl,Puyallup,WA,98374,(253) 845-5672,"Wings,Grill,American,Barbecue,Traditional",2,3.5,"Mon 11:00 AM-11:59 PM; Tue-Sun 12:00 AM-2:00 AM, 11:00 AM-11:59 PM","http://www.buffalowildwings.com
"
HG Bistro,1618 E Main,Puyallup,WA,98372,(253) 845-5747,"Bistro,American,Cafe,Seafood,Healthy",2,4,Mon-Thu 11:30 AM-9:30 PM; Fri-Sat 11:30 AM-11:00 PM; Sun 11:30 AM-9:00 PM,"http://www.hgbistro.com
"
Shari's Restaurant,10904 Canyon Rd E,Puyallup,WA,98373,(253) 539-0417,"American,Diner,Salad,Sandwiches,Soup",1,3,Open Daily 12:00 AM-11:59 PM,"https://www.sharis.com
"
Cinnabon,3500 S Meridian,Puyallup,WA,98373,(253) 840-2677,Bakery,1,3,Mon-Sat 10:00 AM-9:00 PM; Sun 10:00 AM-6:00 PM,"http://www.cinnabon.com
"
MOD Pizza,10301 156th St E,Puyallup,WA,98374,(253) 864-6663,"Pizza,Fast Food",1,4.5,Mon-Thu 10:30 AM-10:00 PM; Fri-Sat 10:30 AM-11:00 PM; Sun 10:30 AM-10:00 PM,"http://modpizza.com/locations/puyallup/
"
Main Garden Restaurant,1106 E Main,Puyallup,WA,98372,(253) 848-7222,"Chinese,Asian,Cafe,American,Seafood",2,4,Mon-Thu 11:30 AM-10:00 PM; Fri 11:30 AM-11:00 PM; Sat 12:00 PM-11:00 PM; Sun 3:00 PM-10:00 PM,"http://maingarden.net/
"
House of Kee,15305 Meridian E,Puyallup,WA,98375,(253) 848-4899,"Chinese,Asian,Cafe",2,3,"Mon 4:00 PM-10:30 PM; Wed-Thu 4:00 PM-10:30 PM; Fri 4:00 PM-11:59 PM; Sat 12:00 AM-1:30 AM, 12:00 PM-11:59 PM; Sun 12:00 AM-1:30 AM, 12:00 PM-10:30 PM","http://www.houseofkee.com
"
Sparks Firehouse Deli,621 5th St SW,Puyallup,WA,98371,(253) 840-3354,"Deli,Pizza,Sandwiches,Cafe,Coffee",1,3.5,Mon-Thu 10:30 AM-8:00 PM; Fri-Sat 7:00 AM-11:00 PM; Sun 7:00 AM-8:00 PM,"http://www.sparksfirehousedeli.com
"
Iron Chef,4301 S Meridian,Puyallup,WA,98373,(253) 848-3759,"Japanese,Steak,Asian,Chinese,Sushi",2,4,"Mon-Fri 11:30 AM-2:30 PM, 4:30 PM-10:00 PM; Sat 1:00 PM-10:00 PM; Sun 1:00 PM-9:00 PM","http://www.ironchefsteakhouse.com
"
The Loose Wheel Bar & Grill,715 River Rd,Puyallup,WA,98371,(253) 848-4444,"Grill,American,Pub Food,Contemporary",2,4,"Open Daily 12:00 AM-2:00 AM, 8:00 AM-11:59 PM","http://www.theloosewheel.com/
"
Sonic Drive-In,13609 Meridian E,Puyallup,WA,98373,(253) 841-6820,"Fast Food,Burgers",1,4,"Mon-Fri 7:00 AM-11:59 PM; Sat-Sun 12:00 AM-2:00 AM, 7:00 AM-11:59 PM","http://www.sonicdrivein.com/
"
Panera Bread,3610 S Meridian,Puyallup,WA,98373,(253) 445-6590,"American,Sandwiches,Soup,Bakery",1,4,Mon-Sat 6:00 AM-10:00 PM; Sun 7:00 AM-9:00 PM,"http://www.panerabread.com
"
Oasis Cafe At Sunrise,11102 Sunrise Blvd E,Puyallup,WA,98374,(253) 840-2656,"Cafe,Coffee,Diner,Tea,Sandwiches",1,5,Mon-Thu 6:30 AM-6:00 PM; Fri 6:30 AM-9:00 PM; Sat 7:00 AM-4:00 PM,"http://www.sunriseoasis.com
"
Famous Dave's,3811 9th St SW,Puyallup,WA,98373,(253) 604-0340,"Barbecue,Southern,Burgers,Ribs,Wings",2,3.5,Open Daily 11:00 AM-11:59 PM,"http://www.famousdaves.com
"
Ram Restaurant & Brewery,103 35th Ave SE,Puyallup,WA,98374,(253) 841-3317,"American,Burgers,Traditional,Pub Food,Cafe",2,3.5,Mon-Thu 11:00 AM-11:00 PM; Fri-Sat 11:00 AM-12:00 PM; Sun 11:00 AM-11:00 PM,"http://www.theram.com/
"
Ricky J's,6805 176th St E,Puyallup,WA,98375,(253) 507-8182,"American,Diner,Cafe,Pizza,Traditional",2,3.5,"Mon-Fri 12:00 AM-2:00 AM, 10:00 AM-11:59 PM; Sat-Sun 12:00 AM-2:00 AM, 8:00 AM-11:59 PM","http://www.rickyjs.com/
"
Red Robin Gourmet Burgers,3609 9th St SW,Puyallup,WA,98373,(253) 840-9901,"Burgers,American,Sandwiches,Traditional,Pub Food",1,3.5,Mon-Thu 11:00 AM-10:00 PM; Fri-Sat 11:00 AM-11:00 PM; Sun 11:00 AM-10:00 PM,"http://www.redrobin.com/
"
Jason's Restaurant,1402 S Meridian,Puyallup,WA,98371,(253) 845-7367,"American,Seafood,Steak,Cafe,Sandwiches",1,3.5,"Mon-Fri 6:00 AM-11:59 PM; Sat-Sun 12:00 AM-1:00 AM, 6:00 AM-11:59 PM","http://jasonsrestaurant.com
"
Five Guys Burgers & Fries,1002 N Meridian,Puyallup,WA,98371,(253) 446-6183,"Burgers,American,Cafe",1,4,Open Daily 11:00 AM-10:00 PM,"http://www.fiveguys.com/
"
Karma Indian Cuisine and Lounge,12623 Meridian E,Puyallup,WA,98373,(253) 770-6276,"Indian,Vegetarian,Mexican,Thai",2,4.5,"Mon-Fri 12:00 AM-2:00 AM, 11:30 AM-11:59 PM; Sat-Sun 12:00 AM-2:00 AM, 12:00 PM-11:59 PM","http://www.karmaindianrestaurant.net/
"
Denny's,626 S Hill Park Dr,Puyallup,WA,98373,(253) 848-8575,"American,Diner,Coffee,Traditional,Burgers",1,3.5,Open Daily 12:00 AM-11:59 PM,"http://www.dennys.com/
"
Cold Stone Creamery,13333 Meridian E,Puyallup,WA,98373,(253) 845-2000,"Ice Cream,Frozen Yogurt,Fast Food,Smoothies,American",1,4.5,Mon-Thu 12:00 PM-9:30 PM; Fri-Sat 12:00 PM-11:00 PM; Sun 12:00 PM-9:30 PM,"http://www.coldstonecreamery.com/
"
Summit Pub,9502 Canyon Rd E,Puyallup,WA,98371,(253) 536-1588,Pub Food,1,5,"Open Daily 12:00 AM-2:00 AM, 10:00 AM-11:59 PM","http://www.thesummitpub.com
"
Forever Sushi,4301 S Meridian,Puyallup,WA,98373,(253) 268-0335,"Sushi,Asian,Japanese",1,4.5,Mon-Thu 11:00 AM-9:00 PM; Fri-Sat 11:00 AM-10:00 PM; Sun 11:00 AM-9:00 PM,"http://fspuyallup.com
"
Bob's Burgers and Brew,15706 Meridian E,Puyallup,WA,98375,(253) 268-0496,"Burgers,American",2,4.5,Mon-Thu 11:00 AM-10:00 PM; Fri-Sat 11:00 AM-11:00 PM; Sun 11:00 AM-10:00 PM,"http://www.bobsburgersandbrew.com/
"
Mrs Turner's Restaurant,701 E Main,Puyallup,WA,98372,(253) 848-7761,"American,Cafe,Traditional,Diner",2,3.5,Open Daily 6:00 AM-8:00 PM,"http://www.hometownbuffet.com/
"
Chili Thai Restaurant,3712 9th St SW,Puyallup,WA,98373,(253) 864-7005,"Thai,Asian,Continental,Chicken,Oysters",1,5,Mon-Thu 11:00 AM-9:00 PM; Fri-Sat 11:00 AM-10:00 PM; Sun 12:00 PM-9:00 PM,"http://www.chilithai.com/
"
Wok and Teriyaki House,311 River Rd,Puyallup,WA,98371,(253) 770-4988,"Chinese,Asian,Pan Asian,American",1,4.5,Mon-Sat 9:30 AM-9:30 PM; Sun 9:30 AM-9:00 PM,"http://www.bk.com
"
Out & About Burgers,14214 Meridian E,Puyallup,WA,98373,(253) 677-1974,"Burgers,Fast Food",1,4,Mon 11:00 AM-8:00 PM; Wed-Sat 11:00 AM-8:00 PM; Sun 11:00 AM-7:00 PM,"http://www.outandaboutburgers.com/
"
KFC,301 2nd Ave NE,Puyallup,WA,98372,(253) 845-6676,"Fast Food,Chicken",1,2,Mon-Thu 10:00 AM-10:00 PM; Fri-Sat 10:00 AM-10:30 PM; Sun 10:00 AM-10:00 PM,"http://www.kfc.com
"
Toulouse Petit,601 Queen Anne Ave N,Seattle,WA,98109,(206) 432-9069,"Creole,Cajun,French,Southern,Pub Food",2,4.5,"Open Daily 12:00 AM-2:00 AM, 8:00 AM-11:59 PM","http://www.toulousepetit.com
"
The Paramount Theatre,911 Pine St,Seattle,WA,98101,(206) 902-5500,"Cafe,American",2,4.5,"Mon 5:00 PM-8:00 PM; Tue-Wed 5:00 PM-9:00 PM; Thu-Fri 5:00 PM-10:00 PM; Sat 12:00 PM-3:00 PM, 5:00 PM-9:00 PM; Sun 11:00 AM-12:00 PM, 4:00 PM-8:00 PM","http://stgpresents.org/paramount
"
The Walrus and the Carpenter,4743 Ballard Ave NW,Seattle,WA,98107,(206) 395-9227,"Seafood,American,Contemporary,Raw,Oysters",2,4.5,Open Daily 4:00 PM-10:00 PM,"http://thewalrusbar.com
"
Poquitos,1000 E Pike St,Seattle,WA,98122,(206) 453-4216,"Mexican,Contemporary,Traditional,Latin American,American",2,4.5,"Open Daily 12:00 AM-2:00 AM, 11:30 AM-11:59 PM","http://www.vivapoquitos.com/
"
Teatro Zinzanni,222 Mercer St,Seattle,WA,98109,(206) 802-0015,"American,Contemporary,Eclectic,Traditional,Vegetarian",4,4,Tue-Sat 12:00 PM-7:00 PM; Sun 12:00 PM-6:00 PM,"http://dreams.zinzanni.org
"
Century Ballroom,915 E Pine St,Seattle,WA,98122,(206) 324-7263,"Cafe,American,Pub Food,Sandwiches,Tapas",1,5,"Mon 12:00 AM-1:00 AM; Tue 9:00 PM-11:59 PM; Wed-Sun 12:00 AM-1:00 AM, 9:00 PM-11:59 PM","http://www.centuryballroom.com
"
La Isla,2320 NW Market St,Seattle,WA,98107,(206) 789-0516,"Caribbean,Puerto Rican,Latin American,Latin,American",2,4,"Open Daily 12:00 AM-2:00 AM, 11:30 AM-11:59 PM","http://www.laislaseattle.com/
"
Bastille Cafe & Bar,5307 Ballard Ave NW,Seattle,WA,98107,(206) 453-5014,"Cafe,French,Bistro,European,Burgers",2,4.5,"Mon-Fri 4:30 PM-11:59 PM; Sat 12:00 AM-2:00 AM, 4:30 PM-11:59 PM; Sun 12:00 AM-2:00 AM, 10:00 AM-3:00 PM, 4:30 PM-11:59 PM","http://www.bastilleseattle.com
"
Joule,3506 Stone Way N,Seattle,WA,98103,(206) 632-5685,"Korean,Steak,Asian,French,Contemporary",3,4.5,"Mon-Thu 5:00 PM-10:00 PM; Fri 5:00 PM-11:00 PM; Sat 10:00 AM-2:00 PM, 5:00 PM-11:00 PM; Sun 10:00 AM-2:00 PM, 5:00 PM-10:00 PM","http://www.joulerestaurant.com
"
Salumi,309 3rd Ave S,Seattle,WA,98104,(206) 621-8772,"Italian,Deli,Sandwiches,American,Vegan",1,5,Tue-Fri 11:00 AM-4:00 PM,"http://www.salumicuredmeats.com/
"
Red Robin Gourmet Burgers,401 NE Northgate Way,Seattle,WA,98125,(206) 365-0933,"Burgers,American,Salad,Sandwiches,Soup",1,3.5,Mon-Thu 11:00 AM-10:00 PM; Fri-Sat 11:00 AM-11:00 PM; Sun 11:00 AM-10:00 PM,"http://www.redrobin.com/
"
Columbia City Ale House,4914 Rainier Ave S,Seattle,WA,98118,(206) 723-5123,"Pub Food,American,Traditional,Cafe,Sandwiches",2,4,Mon-Thu 11:00 AM-11:00 PM; Fri-Sat 11:00 AM-11:59 PM; Sun 11:00 AM-11:00 PM,"http://www.seattlealehouses.com/
"
Feierabend,422 Yale Ave N,Seattle,WA,98109,(206) 340-2528,"German,Pub Food,European,Cafe",2,4,"Open Daily 12:00 AM-1:00 AM, 11:30 AM-11:59 PM","http://www.feierabendseattle.com/
"
Sport Restaurant & Bar,140 4th Ave N,Seattle,WA,98109,(206) 404-7767,"American,Burgers,Pub Food,Traditional,Grill",2,4,Mon-Thu 11:30 AM-10:00 PM; Fri-Sat 11:30 AM-11:00 PM; Sun 11:30 AM-10:00 PM,"http://www.sportrestaurant.com
"
Matt's in the Market,94 Pike St,Seattle,WA,98101,(206) 467-7909,"American,Seafood,International,Eclectic,Contemporary",3,4.5,"Mon-Sat 11:30 AM-2:30 PM, 5:30 PM-10:00 PM","http://www.mattsinthemarket.com
"
Ballard Loft,5105 Ballard Ave NW,Seattle,WA,98107,(206) 420-2737,"Pub Food,American,Hot Dogs,Pizza,Sandwiches",2,4.5,"Open Daily 12:00 AM-2:00 AM, 11:30 AM-11:59 PM","http://www.ballardloft.com
"
BalMar,5449 Ballard Ave NW,Seattle,WA,98107,(206) 297-0500,"American,Pub Food,Contemporary,Burgers,Wings",2,3,"Open Daily 12:00 AM-2:00 AM, 5:00 PM-11:59 PM","http://www.thebalmar.com
"
The Crab Pot,1301 Alaskan Way,Seattle,WA,98101,(206) 624-1890,"Seafood,American,Burgers,Cafe",3,4.5,Mon-Thu 11:00 AM-9:00 PM; Fri-Sat 11:00 AM-10:00 PM; Sun 11:00 AM-9:00 PM,"http://www.thecrabpotseattle.com
"
Local 360,2234 1st Ave,Seattle,WA,98121,(206) 441-9360,"American,Cafe,Contemporary,Gastropub,Organic",2,4,Mon-Thu 11:00 AM-10:00 PM; Fri 11:00 AM-11:00 PM; Sat 9:00 AM-11:00 PM; Sun 9:00 AM-10:00 PM,"http://www.local360.org
"
BOKA Kitchen + Bar,1010 1st Ave,Seattle,WA,98104,(206) 357-9000,"American,Contemporary,Pub Food,Cafe,Burgers",2,4,"Mon-Thu 6:30 AM-11:30 PM; Fri 6:30 AM-11:59 PM; Sat 12:00 AM-12:30 AM, 8:00 AM-11:59 PM; Sun 12:00 AM-12:30 AM, 8:00 AM-11:30 PM","http://www.bokaseattle.com
"
Etta's Seafood,2020 Western Ave,Seattle,WA,98121,(206) 443-6000,"Seafood,American,Contemporary,Traditional,Pub Food",3,4,Mon-Thu 11:30 AM-9:30 PM; Fri 11:30 AM-10:00 PM; Sat 9:00 AM-10:00 PM; Sun 9:00 AM-9:00 PM,"http://tomdouglas.com/index.php?page=ettas
"
Little Uncle,1509 E Madison St,Seattle,WA,98122,(206) 329-1503,Thai,1,4.5,Tue-Sat 11:00 AM-8:00 PM,"http://www.littleuncleseattle.com/
"
The Pink Door,1919 Post Aly,Seattle,WA,98101,(206) 443-3241,"Italian,European,American,Pasta,Contemporary",2,4,"Mon-Thu 11:00 AM-3:00 PM, 5:00 PM-10:00 PM; Fri-Sat 11:00 AM-3:00 PM, 5:00 PM-11:00 PM; Sun 4:00 PM-10:00 PM","http://www.thepinkdoor.net/
"
Tutta Bella Neapolitan Pizzeria,4918 Rainier Ave S,Seattle,WA,98118,(206) 721-3501,"Pizza,Italian,Coffee,Cafe,Vegan",2,5,Mon-Thu 11:00 AM-10:00 PM; Fri-Sat 11:00 AM-11:00 PM; Sun 11:00 AM-10:00 PM,"http://www.tuttabella.com
"
Barolo Ristorante,1940 Westlake Ave,Seattle,WA,98101,(206) 770-9000,"Italian,European,Cafe,Pizza,American",3,4.5,Mon-Thu 11:30 AM-10:30 PM; Fri 11:30 AM-11:00 PM; Sat 4:30 PM-11:00 PM; Sun 4:30 PM-10:30 PM,"http://www.baroloseattle.com
"
Starbucks,1125 4th Ave,Seattle,WA,98101,(206) 623-0860,"Cafe,Coffee,Tea",1,4,Mon-Fri 4:30 AM-7:00 PM; Sat-Sun 5:30 AM-6:00 PM,"http://www.starbucks.com
"
Via Tribunali,913 E Pike St,Seattle,WA,98122,(206) 322-9234,"Pizza,Italian,Vegetarian,Cafe,European",2,4.5,"Open Daily 12:00 AM-2:00 AM, 4:00 PM-11:59 PM","http://www.viatribunali.net/
"
Momiji,1522 12th Ave,Seattle,WA,98122,(206) 457-4068,"Japanese,Sushi,Asian,Seafood",3,4.5,"Open Daily 12:00 AM-2:00 AM, 4:00 PM-11:59 PM","http://www.momijiseattle.com
"
West Five,4539 California Ave SW,Seattle,WA,98116,(206) 935-1966,"American,Traditional,Pub Food,Cafe,Steak",2,4.5,"Mon-Fri 11:00 AM-11:59 PM; Sat-Sun 12:00 AM-1:00 AM, 10:00 AM-11:59 PM","http://www.westfive.com
"
Five Guys Burgers & Fries,311 NE 103rd St,Seattle,WA,98125,(206) 729-5028,"Burgers,Hot Dogs,American,Fast Food,Cafe",1,4,Open Daily 11:00 AM-10:00 PM,"http://www.fiveguys.com/
"
Queen Sheba,916 E John St,Seattle,WA,98102,(206) 322-0852,"Ethiopian,African,Eclectic,International,Vegetarian",2,3.5,Open Daily 4:00 PM-10:30 PM,"http://www.ethiopianrestaurantseattle.com/
"
Lecosho,89 University St,Seattle,WA,98101,(206) 623-2101,"American,Contemporary,Cafe,Organic,European",3,4.5,"Mon-Sat 12:00 AM-1:00 AM, 11:00 AM-11:59 PM; Sun 12:00 AM-1:00 AM, 3:00 PM-11:59 PM","http://www.lecosho.com
"
Market Grill,1509 Pike Pl,Seattle,WA,98101,(206) 682-2654,"Grill,Seafood,Barbecue,American,Chowder",1,4.5,Open Daily 10:00 AM-6:00 PM,"http://pikeplacemarket.org/explore_the_market/market_map#262
"
Dahlia Lounge,2001 4th Ave,Seattle,WA,98121,(206) 682-4142,"Bakery,American,Seafood,Contemporary,Pub Food",3,4.5,"Mon-Tue 11:30 AM-2:30 PM, 5:00 PM-10:00 PM; Wed 11:30 AM-2:30 PM, 5:30 PM-10:00 PM; Thu 11:30 AM-2:30 PM, 5:00 PM-10:00 PM; Fri 11:30 AM-2:30 PM, 5:00 PM-11:00 PM; Sat 9:00 AM-2:00 PM, 5:00 PM-11:00 PM; Sun 9:00 AM-2:00 PM, 5:00 PM-9:00 PM","http://tomdouglas.com/index.php?page=dahlia-lounge
"
India Bistro,2301 NW Market St,Seattle,WA,98107,(206) 783-5080,"Bistro,Indian,Cafe,Pakistani,Middle Eastern",2,3.5,Open Daily 4:30 PM-9:00 PM,"http://www.seattleindiabistro.com
"
Georgia's Greek Restaurant & Deli,323 NW 85th St,Seattle,WA,98117,(206) 783-1228,"Greek,Deli,European,Mediterranean,Bakery",2,4,Wed 11:00 AM-9:00 PM; Thu 10:00 AM-9:00 PM; Fri 8:00 AM-9:30 PM; Sat 8:00 AM-11:00 PM; Sun 8:00 AM-9:00 PM,"http://www.georgiasgreekrestaurant.com/
"
Shalimar Restaurant,4214 University Way NE,Seattle,WA,98105,(206) 633-3854,"Indian,Pakistani,Halal,Sandwiches,Subs",2,4,Open Daily 11:30 AM-10:00 PM,"http://www.eatatshalimar.com
"
India Express Restaurant,510 Broadway E,Seattle,WA,98102,(206) 324-9449,"Indian,Healthy,Middle Eastern,Pakistani,Seafood",2,3.5,Open Daily 3:00 PM-11:00 PM,"http://www.wix.com/shashankdhakal/india-express
"
Il Bistro,93 Pike St,Seattle,WA,98101,(206) 682-3049,"Bistro,Italian,European,Healthy,Seafood",3,4,"Open Daily 12:00 AM-2:00 AM, 5:00 PM-11:59 PM","http://www.ilbistro.net
"
In the Bowl,1554 E Olive Way,Seattle,WA,98102,(206) 568-2343,"Vegetarian,Bistro,Noodle Bar,Thai,Asian",1,4,Mon-Thu 12:00 PM-9:00 PM; Fri-Sat 12:00 PM-9:30 PM; Sun 12:00 PM-9:00 PM,"http://www.cityseekr.com/seattle/restaurants/poi-in-the-bowl-384376.html
"
88 Keys Dueling Pianos & Sports Bar,315 2nd Ave S,Seattle,WA,98104,(206) 839-1300,"American,Pub Food,Mexican,Burgers,Italian",2,3.5,"Mon 12:00 AM-2:00 AM; Tue 11:00 AM-11:59 PM; Wed-Sun 12:00 AM-2:00 AM, 11:00 AM-11:59 PM","http://ilove88keys.com
"
Serious Pie,401 Westlake Ave N,Seattle,WA,98109,(206) 436-0050,"Pizza,Italian,Bakery,Vegetarian,American",2,4.5,Open Daily 11:00 AM-10:00 PM,"http://www.seriouspiewestlake.com
"
T.S. McHugh's,21 Mercer St,Seattle,WA,98109,(206) 282-1910,"Irish,Pub Food,American,Traditional,British",2,3,"Mon-Fri 12:00 AM-1:00 AM, 11:30 AM-11:59 PM; Sat-Sun 12:00 AM-2:00 AM, 11:30 AM-11:59 PM","http://www.tsmchughs.com
"
Taki's Mad Greek,8539 15th Ave NW,Seattle,WA,98117,(206) 297-9200,"Greek,European,Mediterranean,Cafe,Italian",2,4,Mon-Thu 11:00 AM-9:00 PM; Fri 11:00 AM-9:30 PM; Sat 11:30 AM-11:00 PM,"http://www.takismadgreek.com/
"
The Harvest Vine,2701 E Madison St,Seattle,WA,98112,(206) 320-9771,"Spanish,Tapas,Cafe,Latin,Vegetarian",3,4.5,"Mon-Fri 5:00 PM-10:00 PM; Sat-Sun 10:00 AM-2:00 PM, 5:00 PM-10:00 PM","http://www.harvestvine.com/
"
Panera Bread,401 NE Northgate Way,Seattle,WA,98125,(206) 362-3188,"American,Sandwiches,Soup,Bakery",1,3.5,Mon-Thu 6:00 AM-9:00 PM; Fri-Sat 6:00 AM-10:00 PM; Sun 7:00 AM-9:00 PM,"http://www.panerabread.com
"
Shilla Restaurant,2300 8th Ave,Seattle,WA,98121,(206) 623-9996,"Korean,Japanese,Asian,Sushi,Barbecue",2,3.5,Mon-Fri 11:00 AM-10:00 PM; Sat 11:30 AM-10:00 PM; Sun 11:30 AM-9:30 PM,"http://www.shillarestaurant.com/
"
Sloop Tavern,2830 NW Market St,Seattle,WA,98107,(206) 782-3330,"Pub Food,American,Traditional",1,3.5,"Open Daily 12:00 AM-2:00 AM, 11:00 AM-11:59 PM","http://www.theslooptavern.com
"
Paragon Restaurant & Bar,2125 Queen Anne Ave N,Seattle,WA,98109,(206) 283-4548,"American,Grill,Burgers,Pub Food,Southern",2,4,"Mon-Sat 12:00 AM-2:00 AM, 11:30 AM-11:59 PM; Sun 12:00 AM-2:00 AM, 10:00 AM-11:59 PM","http://www.paragonseattle.com/
"
McCormick & Schmick's Harborside,1200 Westlake Ave N,Seattle,WA,98109,(206) 270-9052,"Seafood,American,Bistro,Contemporary,Steak",3,3.5,Mon-Thu 11:00 AM-9:00 PM; Fri-Sat 11:00 AM-10:00 PM; Sun 11:00 AM-9:00 PM,"http://www.mccormickandschmicks.com/locations/seattle-washington/seattle-washington/westlakeavenue.aspx
"
Bing's,4200 E Madison St,Seattle,WA,98112,(206) 323-8623,"Burgers,American,Grill,Traditional,Vegan",2,4.5,Mon-Thu 11:00 AM-9:30 PM; Fri 11:00 AM-10:00 PM; Sat 8:30 AM-10:00 PM; Sun 8:30 AM-9:00 PM,"http://www.bingsbarandgrill.com
"
Hard Rock Cafe,116 Pike St,Seattle,WA,98101,(206) 204-2233,"Cafe,American,Burgers,Pub Food,Deli",2,3,"Open Daily 12:00 AM-2:00 AM, 11:00 AM-11:59 PM","http://www.hardrock.com/
"
Showbox SoDo,1700 1st Ave S,Seattle,WA,98134,(206) 652-0444,"Pizza,American,Burgers,Pub Food",2,3,"Open Daily 12:00 AM-2:00 AM, 5:00 PM-11:59 PM","http://www.showboxonline.com
"
Three Girls Bakery,1514 Pike Pl,Seattle,WA,98101,(206) 622-1045,"Bakery,Sandwiches,Deli,Soup,Cafe",1,4,Open Daily 6:00 AM-6:00 PM,"http://www.facebook.com
"
Poco Wine Room,1408 E Pine St,Seattle,WA,98122,(206) 322-9463,"American,Pub Food,Eclectic,Contemporary,Vegetarian",2,5,"Open Daily 12:00 AM-2:00 AM, 4:00 PM-11:59 PM","http://www.pocowineroom.com
"
Ballard Annex Oyster House,5410 Ballard Ave NW,Seattle,WA,98107,(206) 783-5410,"Seafood,American",3,4,Mon-Thu 3:30 PM-11:00 PM; Fri-Sat 11:00 AM-11:59 PM; Sun 11:00 AM-11:00 PM,"http://www.ballardannex.com/
"
Maharaja Cuisine of India,4542 California Ave SW,Seattle,WA,98116,(206) 935-9443,"Indian,Vegetarian,Pakistani,Asian,American",2,4,"Open Daily 12:00 AM-2:00 AM, 11:30 AM-11:59 PM","http://maharajawestseattle.com/
"
Purple Dot Cafe,515 Maynard Ave S,Seattle,WA,98104,(206) 622-0288,"Cafe,Chinese,Asian,Dim Sum,Sandwiches",2,3,"Mon-Fri 12:00 AM-1:00 AM, 9:00 AM-11:59 PM; Sat-Sun 12:00 AM-3:30 AM, 9:00 AM-11:59 PM","http://www.purpledotcafe.com/
"
Olive Garden,1921 S 72nd St,Tacoma,WA,98408,(253) 475-1772,Italian,2,3.5,Mon-Thu 11:00 AM-10:00 PM; Fri-Sat 11:00 AM-11:00 PM; Sun 11:00 AM-10:00 PM,"http://www.olivegarden.com
"
C.I. Shenanigans,3017 Ruston Way,Tacoma,WA,98402,(253) 752-8811,"Seafood,Steak,American,Cafe,Sandwiches",2,4,"Mon-Thu 11:00 AM-9:00 PM; Fri-Sat 11:00 AM-10:00 PM; Sun 9:30 AM-1:45 PM, 2:00 PM-9:00 PM","http://www.cishenanigans.com
"
Adriatic Grill - Italian Cuisine & Wine Bar,4201 S Steele St,Tacoma,WA,98409,(253) 475-6000,"Grill,Italian,Seafood,European,Cafe",2,4,Mon-Thu 11:00 AM-11:00 PM; Fri-Sat 11:00 AM-11:59 PM; Sun 11:00 AM-11:00 PM,"http://www.adriaticgrill.com
"
Harmon Brewery & Restaurant,1938 Pacific Ave,Tacoma,WA,98402,(253) 383-2739,"Pub Food,American,Burgers,Cafe,Gastropub",2,4,Mon-Thu 11:00 AM-11:00 PM; Fri-Sat 11:00 AM-11:59 PM; Sun 11:00 AM-10:00 PM,"http://harmonbrewingco.com/
"
Stanley & Seafort's,115 E 34th St,Tacoma,WA,98404,(253) 473-7300,"Steak,Seafood,American,Traditional,Sandwiches",3,4,Mon-Thu 11:00 AM-10:00 PM; Fri 11:00 AM-11:00 PM; Sat 2:00 PM-11:00 PM; Sun 2:00 PM-10:00 PM,"http://www.stanleyandseaforts.com
"
The Lobster Shop,4015 Ruston Way,Tacoma,WA,98402,(253) 759-2165,"Seafood,American,Cafe,South American,Contemporary",2,4.5,"Mon-Thu 11:30 AM-3:45 PM, 4:30 PM-9:30 PM; Fri-Sat 11:30 AM-3:45 PM, 4:30 PM-10:30 PM; Sun 9:30 AM-1:30 PM, 4:30 PM-9:30 PM","http://www.lobstershop.com
"
Marzano's Restaurant,516 Garfield St S,Tacoma,WA,98444,(253) 537-4191,"Italian,European,Cafe",3,4.5,Tue-Thu 11:00 AM-8:30 PM; Fri 11:00 AM-9:00 PM; Sat 4:00 PM-9:00 PM,"http://www.dinemarzano.com/
"
Gateway To India,2603 6th Ave,Tacoma,WA,98406,(253) 552-5022,"Indian,Vegetarian,Middle Eastern,Pakistani,Asian",2,4.5,"Mon-Thu 11:00 AM-3:00 PM, 5:00 PM-9:00 PM; Fri 11:00 AM-3:00 PM, 5:00 PM-9:30 PM; Sat 12:00 PM-3:00 PM, 4:00 PM-9:30 PM; Sun 12:00 PM-3:00 PM, 4:00 PM-9:00 PM","http://www.gatewaytoindiarestaurant.com
"
Chipotle Mexican Grill,4502 S Steele St,Tacoma,WA,98409,(253) 442-6031,"Grill,Mexican,Fast Food",1,3.5,Open Daily 11:00 AM-10:00 PM,"http://www.chipotle.com/
"
Jimmy John's,4027 Tacoma Mall Blvd,Tacoma,WA,98409,(253) 471-3000,"Sandwiches,Subs,American,Fast Food,Deli",1,3.5,Open Daily 11:00 AM-10:00 PM,"http://www.jimmyjohns.com/
"
Denny's,11755 Pacific Hwy SW,Tacoma,WA,98499,(253) 584-1416,"American,Diner,Burgers,Traditional,Sandwiches",1,3,Open Daily 12:00 AM-11:59 PM,"http://www.dennys.com/
"
Red Lobster,1929 S 72nd St,Tacoma,WA,98408,(253) 474-1262,Seafood,2,4,Mon-Thu 11:00 AM-10:00 PM; Fri-Sat 11:00 AM-11:00 PM; Sun 11:00 AM-10:00 PM,"http://www.redlobster.com
"
Panera Bread,4502 S Steele St,Tacoma,WA,98409,(253) 475-6741,"American,Sandwiches,Soup,Bakery",1,4.5,Mon-Thu 6:00 AM-9:00 PM; Fri-Sat 6:00 AM-10:00 PM; Sun 7:00 AM-9:00 PM,"http://www.panerabread.com
"
Outback Steakhouse,3111 S 38th St,Tacoma,WA,98409,(253) 473-3669,"Diner,Steak",2,3,Mon-Thu 4:00 PM-10:00 PM; Fri 12:00 PM-11:00 PM; Sat 11:00 AM-11:00 PM; Sun 12:00 PM-9:00 PM,"http://www.outback.com
"
IHOP,7445 S Hosmer St,Tacoma,WA,98408,(253) 474-5320,"American,International,Traditional,Diner,Steak",1,3.5,Open Daily 12:00 AM-12:00 AM,"http://www.ihop.com/
"
North China Garden,2303 6th Ave,Tacoma,WA,98403,(253) 572-5106,"Chinese,Asian,Seafood,Fast Food,Barbecue",2,2.5,Mon-Fri 11:30 AM-9:00 PM; Sat 12:00 PM-9:00 PM; Sun 4:00 PM-9:00 PM,"http://northchinagarden.com
"
Matador Tacoma,721 Pacific Ave,Tacoma,WA,98402,(253) 627-7100,"Mexican,Tex Mex,Spanish,Cafe,Diner",2,3.5,"Open Daily 12:00 AM-2:00 AM, 11:00 AM-11:59 PM","http://www.matadorrestaurants.com
"
Shakbrah Java,2618 6th Ave,Tacoma,WA,98406,(253) 572-2787,"Coffee,Cafe,Tea,Vegetarian,Diner",1,4,Mon-Sat 7:00 AM-4:00 PM; Sun 8:00 AM-4:00 PM,"http://tacomamagicclub.com
"
Red Robin Gourmet Burgers,3901 S Steele St,Tacoma,WA,98409,(253) 473-7447,"Burgers,American,Traditional,Salad,Sandwiches",1,3,Mon-Thu 11:00 AM-11:00 PM; Fri-Sat 11:00 AM-11:59 PM; Sun 11:00 AM-11:00 PM,"http://www.redrobin.com/
"
The Swiss,1904 Jefferson Ave,Tacoma,WA,98402,(253) 572-2821,"Pub Food,American,Burgers,European",1,4,"Open Daily 12:00 AM-2:00 AM, 11:00 AM-11:59 PM","http://www.theswisspub.com
"
Club Silverstone,739 1/2 St Helens Ave,Tacoma,WA,98402,(253) 404-0273,"American,Pub Food",1,3,"Open Daily 12:00 AM-2:00 AM, 11:00 AM-11:59 PM","http://www.clubsilverstone.com
"
Ben Dews Clubhouse Grill,6501 6th Ave,Tacoma,WA,98406,(253) 564-4442,"Grill,American,Barbecue,Sandwiches,Traditional",2,4,Open Daily 7:00 AM-10:00 PM,"http://calendar.thenewstribune.com
"
MSM Deli,2220 6th Ave,Tacoma,WA,98403,(253) 272-4814,"Deli,Sandwiches,Subs,Vegetarian,Cafe",1,4.5,Mon-Thu 8:00 AM-10:00 PM; Fri-Sat 8:00 AM-11:59 PM; Sun 8:00 AM-10:00 PM,"http://www.msmdeli.com
"
West End Pub & Grill,3840 6th Ave,Tacoma,WA,98406,(253) 759-2896,"Pub Food,Grill,Burgers,American,Traditional",2,3.5,"Open Daily 12:00 AM-2:00 AM, 10:00 AM-11:59 PM","http://www.westendpubandgrill.com
"
Starbucks,12821 Pacific Ave S,Tacoma,WA,98444,(253) 539-3049,"Cafe,Coffee,Tea",1,3,Mon-Fri 4:30 AM-9:00 PM; Sat-Sun 5:00 AM-9:00 PM,"http://www.starbucks.com
"
Ram Restaurant & Brewery,3001 Ruston Way,Tacoma,WA,98402,(253) 756-7886,"American,Seafood,Pub Food,Grill,Burgers",2,3,Open Daily 11:00 AM-11:00 PM,"http://www.theram.com/
"
Southern Kitchen,1716 6th Ave,Tacoma,WA,98405,(253) 627-4282,"Southern,American,Barbecue,Seafood,Traditional",1,4,Mon-Thu 8:00 AM-8:00 PM; Fri-Sat 8:00 AM-9:00 PM; Sun 8:00 AM-7:00 PM,"http://www.southernkitchen-tacoma.com/
"
The Hub,203 Tacoma Ave S,Tacoma,WA,98402,(253) 683-4606,"Pizza,American,Burgers,Pasta,Pub Food",2,4,"Mon-Thu 11:00 AM-11:00 PM; Fri 11:00 AM-11:59 PM; Sat 12:00 AM-1:00 AM, 9:00 AM-11:59 PM; Sun 12:00 AM-1:00 AM, 9:00 AM-11:00 PM","http://hub.harmonbrewingco.com
"
Subway,8638 Pacific Ave,Tacoma,WA,98444,(253) 536-3450,"Fast Food,Sandwiches,Subs",1,3,Mon-Fri 7:00 AM-9:30 PM; Sat 8:00 AM-9:30 PM; Sun 9:00 AM-9:00 PM,"http://www.subway.com
"
McDonald's,4502 S Steele St,Tacoma,WA,98409,(253) 472-6993,"Fast Food,Burgers",1,3,Mon-Thu 11:00 AM-10:00 PM; Fri-Sat 11:00 AM-11:00 PM; Sun 11:00 AM-10:00 PM,"http://www.mcdonalds.com
"
Happy Teriyaki,4027 Tacoma Mall Blvd,Tacoma,WA,98409,(253) 474-5365,"Japanese,Asian,Fast Food,Pan Asian,Sushi",2,3.5,Mon-Thu 10:30 AM-9:30 PM; Fri-Sat 10:30 AM-10:00 PM; Sun 12:00 AM-9:00 PM,"http://www.thehappyteriyaki.com/
"
Moctezuma's Mexican Restaurant,4102 S 56th St,Tacoma,WA,98409,(253) 474-5593,"Mexican,Cafe,American,Deli,Contemporary",2,4,Mon-Thu 11:00 AM-10:00 PM; Fri-Sat 11:00 AM-11:00 PM; Sun 11:00 AM-10:00 PM,"http://www.moctezumas.com
"
The Old Spaghetti Factory,1735 Jefferson Ave,Tacoma,WA,98402,(253) 383-2214,"Italian,Ice Cream,Soup,Pasta,American",2,4,"Mon-Thu 11:30 AM-2:00 PM, 5:00 PM-9:30 PM; Fri 11:30 AM-2:00 PM, 5:00 PM-10:30 PM; Sat 11:30 AM-10:30 PM; Sun 11:30 AM-9:00 PM","http://www.osf.com/
"
Doyle's Public House,208 St Helens Ave,Tacoma,WA,98402,(253) 272-7468,"Pub Food,Sandwiches,Irish,American,Burgers",1,4,"Mon-Fri 12:00 AM-2:00 AM, 11:00 AM-11:59 PM; Sat-Sun 12:00 AM-2:00 AM, 7:00 AM-11:59 PM","http://www.doylespublichouse.com/
"
Taco Bell,8401 S Tacoma Way,Tacoma,WA,98499,(253) 582-1321,"Fast Food,Mexican",1,3,"Mon-Fri 12:00 AM-2:00 AM, 10:00 AM-11:59 PM; Sat-Sun 12:00 AM-4:00 AM, 10:00 AM-11:59 PM","http://www.tacobell.com
"
Wendy's,10723 Bridgeport Way SW,Tacoma,WA,98499,(253) 588-1115,"Fast Food,Burgers",1,2.5,"Mon 12:00 AM-2:30 AM, 6:00 AM-11:59 PM; Tue-Sat 12:00 AM-2:00 AM, 6:00 AM-11:59 PM; Sun 12:00 AM-2:00 AM, 7:00 AM-11:59 PM","http://www.wendys.com
"
Pizza Hut,5104 6th Ave,Tacoma,WA,98406,(253) 759-3300,"Pizza,Kosher,Italian,Fast Food,American",1,3,Mon-Thu 11:00 AM-10:00 PM; Fri-Sat 11:00 AM-11:59 PM; Sun 11:00 AM-10:00 PM,"http://www.pizzahut.com/
"
Shari's Restaurant,2323 S Union Ave,Tacoma,WA,98405,(253) 272-4837,"American,Traditional,Salad,Sandwiches,Soup",2,3.5,Open Daily 12:00 AM-12:00 AM,"http://www.sharis.com/
"
Anglea's,7511 Portland Ave E,Tacoma,WA,98404,(253) 531-9329,"Diner,Burgers,American,Steak,Cafe",2,3.5,Mon-Fri 8:30 AM-5:00 PM,"http://www.angleascatering.com
"
Azteca Mexican Restaurant,4801 Tacoma Mall Blvd,Tacoma,WA,98409,(253) 472-0246,"Mexican,American,Chicken,Vegetarian,Cafe",2,3.5,Mon-Thu 11:00 AM-10:00 PM; Fri-Sat 11:00 AM-11:00 PM; Sun 11:00 AM-10:00 PM,"http://www.aztecamex.com/
"
Arby's,9824 Gravelly Lake Dr SW,Tacoma,WA,98499,(253) 582-0433,"Fast Food,Sandwiches,Subs",1,2,Open Daily 10:00 AM-11:00 PM,"http://arbys.com/
"
Than Brothers,1712 Pacific Ave,Tacoma,WA,98402,(253) 272-2249,Pho,2,3.5,Mon-Sat 10:00 AM-8:00 PM,"http://www.thanbrothers.com/
"
Galanga Thai Cuisine,1129 Broadway,Tacoma,WA,98402,(253) 272-3393,"Thai,Asian,American,Ice Cream,Cafe",2,4,Mon-Fri 11:00 AM-9:00 PM; Sat 5:00 PM-9:00 PM,"http://www.galangathai.com
"
Burger King,2909 S 38th St,Tacoma,WA,98409,(253) 473-8668,"Fast Food,Burgers",1,3,"Mon 12:00 AM-1:00 AM, 6:00 AM-11:00 PM; Tue-Fri 6:00 AM-11:00 PM; Sat 6:00 AM-11:59 PM; Sun 12:00 AM-1:00 AM, 6:00 AM-11:59 PM","http://www.burgerking.com
"
Jack In The Box,10656 Pacific Ave S,Tacoma,WA,98444,(253) 536-1995,"Fast Food,Burgers",1,3,Open Daily 12:00 AM-11:59 PM,"http://www.jackinthebox.com
"
